#,Architecture Name,AD1,AD2,AD3,AD4,AD5,PM1,PM2,PM3,PM4,PM5
A1,Conventional,Onshore (Urban),Fossil Fuel,Onshore,No,No,2.714785215,2.265034965,1.863736264,0.514285714,0.668117597
A2,Amazon,Onshore (Suburban),Solar,Onshore,No,No,2.929070929,2.336463536,2.078021978,0.942857143,1.60435279
A3,Google,Onshore (Urban),Wind,Onshore,No,No,3.357642358,2.693606394,2.506593407,1.157142857,2.072470387
A4,Apple,Onshore (Urban),Solar,Onshore,No,No,3.143356643,2.550749251,2.292307692,0.942857143,1.60435279
A5,Microsoft,Near Shore,Wind,Onshore,No,Yes,3.292707293,2.81048951,2.478021978,1.157142857,2.672470387
A6,Offshore DC,Offshore,Wind,Offshore,No,Yes,2.770729271,2.134665335,1.802197802,1.387912088,2.672470387
A7,Offshore DC movable,Near Shore,Wind,Near Shore,Yes,Yes,2.185014985,3.048951049,2.016483516,1.687912088,2.672470387